Supplier_Name,Supplier_Type,Supplier_Country,Supplier_City
24/7 Community Hospital Group,,United States,Glendale
A1 Juice Supply,,United States,Aurora
ABC Bank,,United States,Redwood City
ABC Consulting,,Australia,Sydney
Abbott,,United States,Lake Forest
Adams Leasing,,United States,Greenwood
Advanced Corp,,United States,BALTIMORE
Aesculup Inc,,United States,South San Francisco
Ajeer,,Saudi Arabia,Riyadh
Al Safa General Contracting Company ,,United Arab Emirates,Abu Dhabi
Al-Jeraisy,,Saudi Arabia,Riyadh
Aljomaihauto,,Saudi Arabia,Riyadh
Allied Manufacturing,,United States,DETROIT
Alps Consulting,,Switzerland,Vevey
American Telephone and Telegraph,,United States,ATLANTA
Antone Electric,,United States,Portland
Anupam Contractor,,India,Delhi
Arec Computer,,Italy,Bologna